air-force,Air Force,[Air Force](#f/airforce)
akron,Akron,[Akron](#f/akron)
alabama,Alabama,[Alabama](#f/alabama)
appalachian-st,Appalachian State,[Appalachian State](#f/appalachianstate)
arizona,Arizona,[Arizona](#f/arizona)
arizona-st,Arizona State,[Arizona State](#f/arizonastate)
arkansas,Arkansas,[Arkansas](#f/arkansas)
arkansas-st,Arkansas State,[Arkansas State](#f/arkansasstate)
army,Army,[Army](#f/army)
auburn,Auburn,[Auburn](#f/auburn)
ball-st,Ball State,[Ball State](#f/ballstate)
baylor,Baylor,[Baylor](#f/baylor)
boise-st,Boise State,[Boise State](#f/boisestate)
boston-college,Boston College,[Boston College](#f/bostoncollege)
bowling-green,Bowling Green,[Bowling Green](#f/bowlinggreen)
buffalo,Buffalo,[Buffalo](#f/buffalo)
byu,BYU,[BYU](#f/byu)
california,California,[California](#f/california)
central-mich,Central Michigan,[Central Michigan](#f/centralmichigan)
charlotte,Charlotte,[Charlotte](#f/charlotte)
cincinnati,Cincinnati,[Cincinnati](#f/cincinnati)
clemson,Clemson,[Clemson](#f/clemson)
colorado,Colorado,[Colorado](#f/colorado)
colorado-st,Colorado State,[Colorado State](#f/coloradostate)
uconn,Connecticut,[Connecticut](#f/connecticut)
duke,Duke,[Duke](#f/duke)
east-carolina,East Carolina,[East Carolina](#f/eastcarolina)
eastern-mich,Eastern Michigan,[Eastern Michigan](#f/easternmichigan)
florida,Florida,[Florida](#f/florida)
fla-atlantic,Florida Atlantic,[Florida Atlantic](#f/floridaatlantic)
fiu,Florida International,[Florida International](#f/floridainternational)
florida-st,Florida State,[Florida State](#f/floridastate)
fresno-st,Fresno State,[Fresno State](#f/fresnostate)
georgia,Georgia,[Georgia](#f/georgia)
ga-southern,Georgia Southern,[Georgia Southern](#f/georgiasouthern)
georgia-st,Georgia State,[Georgia State](#f/georgiastate)
georgia-tech,Georgia Tech,[Georgia Tech](#f/georgiatech)
hawaii,Hawaii,[Hawai'i](#f/hawaii)
houston,Houston,[Houston](#f/houston)
idaho,Idaho,[Idaho](#f/idaho)
illinois,Illinois,[Illinois](#f/illinois)
indiana,Indiana,[Indiana](#f/indiana)
iowa,Iowa,[Iowa](#f/iowa)
iowa-st,Iowa State,[Iowa State](#f/iowastate)
kansas,Kansas,[Kansas](#f/kansas)
kansas-st,Kansas State,[Kansas State](#f/kansasstate)
kent-st,Kent State,[Kent State](#f/kentstate)
kentucky,Kentucky,[Kentucky](#f/kentucky)
louisiana-tech,Louisiana Tech,[Louisiana Tech](#f/louisianatech)
la-lafayette,Louisiana-Lafayette,[Louisiana](#f/louisianalafayette)
la-monroe,Louisiana-Monroe,[Louisiana-Monroe](#f/louisianamonroe)
louisville,Louisville,[Louisville](#f/louisville)
lsu,LSU,[LSU](#f/lsu)
marshall,Marshall,[Marshall](#f/marshall)
maryland,Maryland,[Maryland](#f/maryland)
massachusetts,Massachusetts,[UMass](#f/massachusetts)
memphis,Memphis,[Memphis](#f/memphis)
miami-fl,Miami (FL),[Miami](#f/miamifl)
miami-oh,Miami (OH),[Miami (OH)](#f/miamioh)
michigan,Michigan,[Michigan](#f/michigan)
michigan-st,Michigan State,[Michigan State](#f/michiganstate)
middle-tenn,Middle Tennessee,[Middle Tennessee](#f/middletennessee)
minnesota,Minnesota,[Minnesota](#f/minnesota)
mississippi-st,Mississippi State,[Mississippi State](#f/mississippistate)
missouri,Missouri,[Missouri](#f/missouri)
navy,Navy,[Navy](#f/navy)
nebraska,Nebraska,[Nebraska](#f/nebraska)
nevada,Nevada,[Nevada](#f/nevada)
new-mexico,New Mexico,[New Mexico](#f/newmexico)
new-mexico-st,New Mexico State,[New Mexico State](#f/newmexicostate)
north-carolina,North Carolina,[North Carolina](#f/northcarolina)
north-carolina-st,North Carolina State,[North Carolina State](#f/northcarolinastate)
north-texas,North Texas,[North Texas](#f/northtexas)
northern-ill,Northern Illinois,[Northern Illinois](#f/northernillinois)
northwestern,Northwestern,[Northwestern](#f/northwestern)
notre-dame,Notre Dame,[Notre Dame](#f/notredame)
ohio,Ohio,[Ohio](#f/ohio)
ohio-st,Ohio State,[Ohio State](#f/ohiostate)
oklahoma,Oklahoma,[Oklahoma](#f/oklahoma)
oklahoma-st,Oklahoma State,[Oklahoma State](#f/oklahomastate)
old-dominion,Old Dominion,[Old Dominion](#f/olddominion)
ole-miss,Ole Miss,[Ole Miss](#f/olemiss)
oregon,Oregon,[Oregon](#f/oregon)
oregon-st,Oregon State,[Oregon State](#f/oregonstate)
penn-st,Penn State,[Penn State](#f/pennstate)
pittsburgh,Pittsburgh,[Pittsburgh](#f/pittsburgh)
purdue,Purdue,[Purdue](#f/purdue)
rice,Rice,[Rice](#f/rice)
rutgers,Rutgers,[Rutgers](#f/rutgers)
san-diego-st,San Diego State,[San Diego State](#f/sandiegostate)
san-jose-st,San Jose State,[San José State](#f/sanjosestate)
smu,SMU,[SMU](#f/smu)
south-ala,South Alabama,[South Alabama](#f/southalabama)
south-carolina,South Carolina,[South Carolina](#f/southcarolina)
south-fla,South Florida,[South Florida](#f/usf)
southern-miss,Southern Miss,[Southern Miss](#f/southernmiss)
stanford,Stanford,[Stanford](#f/stanford)
syracuse,Syracuse,[Syracuse](#f/syracuse)
tcu,TCU,[TCU](#f/tcu)
temple,Temple,[Temple](#f/temple)
tennessee,Tennessee,[Tennessee](#f/tennessee)
texas,Texas,[Texas](#f/texas)
texas-am,Texas A&M,[Texas A&M](#f/texasam)
texas-st,Texas State,[Texas State](#f/texasstate)
texas-tech,Texas Tech,[Texas Tech](#f/texastech)
toledo,Toledo,[Toledo](#f/toledo)
troy,Troy,[Troy](#f/troy)
tulane,Tulane,[Tulane](#f/tulane)
tulsa,Tulsa,[Tulsa](#f/tulsa)
ucf,UCF,[UCF](#f/ucf)
ucla,UCLA,[UCLA](#f/ucla)
unlv,UNLV,[UNLV](#f/unlv)
southern-california,USC,[USC](#f/usc)
utah,Utah,[Utah](#f/utah)
utah-st,Utah State,[Utah State](#f/utahstate)
utep,UTEP,[UTEP](#f/utep)
utsa,UTSA,[UTSA](#f/utsa)
vanderbilt,Vanderbilt,[Vanderbilt](#f/vanderbilt)
virginia,Virginia,[Virginia](#f/virginia)
virginia-tech,Virginia Tech,[Virginia Tech](#f/virginiatech)
wake-forest,Wake Forest,[Wake Forest](#f/wakeforest)
washington,Washington,[Washington](#f/washington)
washington-st,Washington State,[Washington State](#f/washingtonstate)
west-virginia,West Virginia,[West Virginia](#f/westvirginia)
western-ky,Western Kentucky,[Western Kentucky](#f/westernkentucky)
western-mich,Western Michigan,[Western Michigan](#f/westernmichigan)
wisconsin,Wisconsin,[Wisconsin](#f/wisconsin)
wyoming,Wyoming,[Wyoming](#f/wyoming)
